,Mã học phần,Tên lớp học phần,Phòng,Max,Min,Ngày
0,5504001,124ACAD01,A306,60,24,19/08/2024
1,5505001,124ATD01,A107,60,59,19/08/2024
2,5505001,124ATD02,A107,61,59,19/08/2024
3,5505001,124ATD03,A107,63,63,19/08/2024
4,5505001,124ATD04,A107,60,60,14/10/2024
5,5505001,124ATD05,A107,60,60,19/08/2024
6,5505001,124ATD06,C401,60,58,19/08/2024
7,5505001,124ATD09,A205,60,52,19/08/2024
8,5506001,124ATLD01,A217,60,27,19/08/2024
9,5504270,124AVCN01,A205,48,47,01/10/2024
10,5504002,124BDCN01,A212,45,49,19/08/2024
11,5507054,124CCBDK01,A206,60,21,19/08/2024
12,5507056,124CCBRQ01,A217,60,17,19/08/2024
13,5507052,124CCCND01,A217,60,29,19/08/2024
14,5505006,124CCD01,A205,60,55,19/08/2024
15,5505006,124CCD02,A205,60,24,19/08/2024
16,5505006,124CCD03,A205,61,59,19/08/2024
17,5504212,124CDCDT01,A208,60,56,19/08/2024
18,5504212,124CDCDT02,A208,60,53,19/08/2024
19,5505342,124CDDH2001,A306,60,33,19/08/2024
20,5505342,124CDDH2002,A105,60,31,19/08/2024
21,5506005,124CDDTX01,A103,60,31,19/08/2024
22,5504089,124CDHKK01,B102_CS2,40,23,26/08/2024
23,5504089,124CDHKK02,A107,41,41,19/08/2024
24,5506234,124CDKTBVKT01,B206_CS2,50,29,26/08/2024
25,5505238,124CDNHTD01,B304_CS2,60,41,26/08/2024
26,5505238,124CDNHTD02,B204_CS2,60,44,26/08/2024
27,5507050,124CDNT01,C403,60,32,19/08/2024
28,5504238,124CDOTO03,B104_CS2,45,35,26/08/2024
29,5505126,124CDPM02,A101,85,82,19/08/2024
30,5505126,124CDPM03,A101,60,60,19/08/2024
31,5504200,124CDPMCCCDT01,A210,45,29,19/08/2024
32,5504200,124CDPMCCCDT02,A209,45,45,19/08/2024
33,5504200,124CDPMCCCDT03,A209,45,43,19/08/2024
34,5505125,124CDTVT02,C401,60,28,19/08/2024
35,5506010,124CDVLXD01,A208,60,60,19/08/2024
36,5506010,124CDVLXD02,A205,61,58,19/08/2024
37,5504003,124CGKL01,A107,60,60,19/08/2024
38,5506069,124CHCT01,A106,60,50,19/08/2024
39,5506011,124CHD02,A309,60,60,19/08/2024
40,5506011,124CHD03,A102,60,50,19/08/2024
41,5506011,124CHD04,A217,60,35,19/08/2024
42,5506184,124CHKCHST01,B203_CS2,41,41,26/08/2024
43,5506184,124CHKCHST02,B303_CS2,40,40,26/08/2024
44,5506142,124CHKCHTD03,A212,60,60,19/08/2024
45,5506142,124CHKCHTD04,A107,60,32,19/08/2024
46,5506142,124CHKCHTD05,A211,60,58,19/08/2024
47,5506264,124CHKCHTD2401,A302,60,0,09/09/2024
48,5506264,124CHKCHTD2402,A302,60,0,09/09/2024
49,5506264,124CHKCHTD2403,A304,60,0,09/09/2024
50,5506064,124CKMX01,A208,60,12,19/08/2024
51,5507005,124CLNHL01,B205_CS2,60,22,26/08/2024
52,5504009,124CNC01,A306,51,51,19/08/2024
53,5504009,124CNC02,A210,45,45,19/08/2024
54,5504009,124CNC03,A209,45,28,19/08/2024
55,5504230,124CNCDSOTO02,B104_CS2,45,34,26/08/2024
56,5504230,124CNCDSOTO03,A207,45,44,19/08/2024
57,5504011,124CNCTM101,A307,45,45,01/10/2024
58,5504011,124CNCTM102,A205,48,46,01/10/2024
59,5505132,124CNPM01,A307,80,60,19/08/2024
60,5505132,124CNPM02,A307,80,65,19/08/2024
61,5505132,124CNPM04,A205,60,43,19/08/2024
62,5505133,124CNR01,PTNHTN,40,32,19/08/2024
63,5505133,124CNR02,PTNHTN,40,38,19/08/2024
64,5504174,124CNS01,A102,60,43,19/08/2024
65,5504174,124CNS02,A106,60,31,19/08/2024
66,5507079,124CNSVL01,A103,60,40,19/08/2024
67,5507213,124CNSXTPTT01,A103,60,27,19/08/2024
68,5504013,124CNTP01,A104,60,54,19/08/2024
69,5505134,124CNVDT01,A218,60,60,19/08/2024
70,5505135,124CNX01,B304_CS2,61,59,26/08/2024
71,5505135,124CNX02,B302_CS2,60,57,26/08/2024
72,5505135,124CNX03,B306_CS2,60,53,26/08/2024
73,5209007,124CNXHKH01,A107,80,50,19/08/2024
74,5209007,124CNXHKH02,A107,80,79,19/08/2024
75,5209007,124CNXHKH03,A307,80,55,19/08/2024
76,5209007,124CNXHKH04,A307,80,65,19/08/2024
77,5209007,124CNXHKH05,A108,80,50,19/08/2024
78,5209007,124CNXHKH06,A108,80,35,19/08/2024
79,5209007,124CNXHKH07,A108,80,56,19/08/2024
80,5209007,124CNXHKH08,A108,80,55,19/08/2024
81,5209007,124CNXHKH09,A108,80,65,19/08/2024
82,5209007,124CNXHKH10,A108,80,65,19/08/2024
83,5504217,124CNXLA01,A206,50,50,19/08/2024
84,5504217,124CNXLA02,B106_CS2,50,23,21/10/2024
85,5504088,124COLT01,A304,60,0,09/09/2024
86,5504088,124COLT02,A304,60,0,09/09/2024
87,5504088,124COLT03,A302,60,0,09/09/2024
88,5504088,124COLT04,A302,60,0,09/09/2024
89,5504088,124COLT05,A213,60,20,09/09/2024
90,5504088,124COLT06,A212,60,7,09/09/2024
91,5504088,124COLT07,A304,60,21,09/09/2024
92,5505136,124CPQH01,B205_CS2,60,54,26/08/2024
93,5505136,124CPQH02,B303_CS2,80,76,26/08/2024
94,5505128,124CSDL201,A218,60,48,19/08/2024
95,5505128,124CSDL202,A212,60,60,19/08/2024
96,5505128,124CSDL203,A108,60,59,19/08/2024
97,5507070,124CSKTTP01,B305_CS2,60,33,26/08/2024
98,5506215,124CSVHVN01,A308,30,20,19/08/2024
99,5505121,124CTGT01,A218,70,66,19/08/2024
100,5505121,124CTGT02,A218,70,62,19/08/2024
101,5505121,124CTGT03,A207,60,32,19/08/2024
102,5507071,124CTKM01,B304_CS2,60,41,26/08/2024
103,5506004,124CTKNDD01,B204_CS2,60,55,26/08/2024
104,5504004,124CTM01,A306,60,49,19/08/2024
105,5506003,124CTN01,C403,63,57,19/08/2024
106,5506070,124CTNDT01,B102_CS2,60,7,26/08/2024
107,5506170,124CTNDT2001,A208,60,12,19/08/2024
108,5507002,124CTVXLMT01,A104,60,10,19/08/2024
109,5504202,124DACCCCDT01,X,30,28,19/08/2024
110,5504017,124DACCTM01,VPK,29,29,19/08/2024
111,5504017,124DACCTM02,VPK,29,29,19/08/2024
112,5504017,124DACCTM03,VPK,29,29,19/08/2024
113,5504017,124DACCTM04,VPK,30,30,19/08/2024
114,5507210,124DACNTP101,VPK,70,39,19/08/2024
115,5504016,124DACTM01,VPK,30,31,19/08/2024
116,5504016,124DACTM02,VPK,30,30,19/08/2024
117,5506171,124DACTNDT01,X,20,13,19/08/2024
118,5504158,124DADCT02,X,30,25,19/08/2024
119,5504229,124DADDTOTO01,X,30,29,19/08/2024
120,5504229,124DADDTOTO02,X,30,4,19/08/2024
121,5504229,124DADDTOTO03,X,30,24,19/08/2024
122,5505019,124DADKL01,VPBM,20,20,19/08/2024
123,5505019,124DADKL02,VPBM,20,20,19/08/2024
124,5505019,124DADKL03,VPBM,20,18,19/08/2024
125,5505019,124DADKL04,VPBM,20,8,19/08/2024
126,5505019,124DADKL05,VPBM,20,0,19/08/2024
127,5505019,124DADKL06,VPBM,20,22,19/08/2024
128,5505019,124DADKL07,VPBM,20,20,19/08/2024
129,5505019,124DADKL08,VPBM,26,26,19/08/2024
130,5505019,124DADKL09,VPBM,10,2,19/08/2024
131,5504214,124DADKPCDT01,VPBM,100,8,19/08/2024
132,5505243,124DADT201,VPBM,80,34,19/08/2024
133,5505243,124DADT202,VPBM,80,10,19/08/2024
134,5505243,124DADT203,VPBM,80,10,19/08/2024
135,5505268,124DADTVT201,VPBM,100,41,19/08/2024
136,5505268,124DADTVT202,VPBM,100,19,19/08/2024
137,5504203,124DAHTCDT01,VPBM,150,69,19/08/2024
138,5506017,124DAKCB01,VPK,200,150,19/08/2024
139,5506185,124DAKCCTBTCT01,VPK,20,20,19/08/2024
140,5506260,124DAKCCTBTCT2201,VPK,130,42,19/08/2024
141,5506257,124DAKCT2201,VPK,20,13,19/08/2024
142,5506134,124DAKCTB01,X,20,2,19/08/2024
143,5506226,124DAKTCC101,B104,60,47,19/08/2024
144,5506228,124DAKTCC201,B104,50,13,19/08/2024
145,5506230,124DAKTCN01,B201,20,14,19/08/2024
146,5505322,124DAKTPM01,VPBM,200,181,19/08/2024
147,5506192,124DAKTTCLG01,VPK,20,4,19/08/2024
148,5506019,124DAKTX01,VPK,130,72,19/08/2024
149,5506021,124DANM01,VPK,20,12,19/08/2024
150,5504228,124DAOTO01,X,150,27,19/08/2024
151,5504228,124DAOTO02,X,150,0,19/08/2024
152,5504228,124DAOTO03,X,150,38,19/08/2024
153,5506231,124DAQH01,B201,20,14,19/08/2024
154,5507090,124DAQT01,X,50,3,19/08/2024
155,5506149,124DATCC01,X,30,24,19/08/2024
156,5506173,124DATCCTDT01,X,30,13,19/08/2024
157,5506148,124DATCD01,X,40,28,19/08/2024
158,5506188,124DATCDBTCTTK01,VPK,20,28,19/08/2024
159,5506022,124DATCTC01,VPK,20,1,19/08/2024
160,5506190,124DATCTC2001,VPK,50,48,19/08/2024
161,5505021,124DATKCD01,X,60,40,19/08/2024
162,5504225,124DATNCDTKS01,VPBM,130,73,19/08/2024
163,5505323,124DATNCNTTKS01,X,200,81,19/08/2024
164,5504266,124DATNCTM01,VPK,80,22,19/08/2024
165,5505278,124DATNDTMTKS01,VPBM,70,28,19/08/2024
166,5505307,124DATNHTCCDKS01,X,70,36,19/08/2024
167,5504235,124DATNKSDL01,X,15,1,19/08/2024
168,5504235,124DATNKSDL02,X,15,14,19/08/2024
169,5504235,124DATNKSDL03,X,15,13,19/08/2024
170,5504235,124DATNKSDL04,X,15,12,19/08/2024
171,5504235,124DATNKSDL05,X,15,0,19/08/2024
172,5504235,124DATNKSDL06,X,15,2,19/08/2024
173,5504235,124DATNKSDL07,X,15,0,19/08/2024
174,5504235,124DATNKSDL08,X,15,10,19/08/2024
175,5505260,124DATNKTDTKS01,VPBM,70,28,19/08/2024
176,5507242,124DATNMTKS01,VPK,20,3,19/08/2024
177,5504188,124DATNNLKS01,BMNHIET,10,6,19/08/2024
178,5504188,124DATNNLKS02,BMNHIET,10,10,19/08/2024
179,5504188,124DATNNLKS03,BMNHIET,10,10,19/08/2024
180,5504188,124DATNNLKS04,BMNHIET,10,10,19/08/2024
181,5504188,124DATNNLKS05,BMNHIET,10,10,19/08/2024
182,5505314,124DATNTDHKS01,VPBM,200,53,19/08/2024
183,5507224,124DATNTPKS02,VPK,30,6,19/08/2024
184,5505286,124DATNVTKS01,VPBM,70,0,19/08/2024
185,5506166,124DATNXCKS01,VPK,50,1,19/08/2024
186,5506194,124DATNXDKS01,VPK,100,49,19/08/2024
187,5506183,124DATNXHKS01,X,20,7,19/08/2024
188,5504271,124DATTTKCK01,VPK,40,40,19/08/2024
189,5504271,124DATTTKCK02,VPK,34,35,19/08/2024
190,5505026,124DAVDK01,VPBM,160,88,19/08/2024
191,5505026,124DAVDK03,VPBM,62,61,19/08/2024
192,5507227,124DAXLCTR01,VPK,30,0,19/08/2024
193,5507226,124DAXLNT01,VPK,20,20,19/08/2024
194,5507226,124DAXLNT02,VPK,20,1,19/08/2024
195,5504021,124DCDT01,A206,60,43,19/08/2024
196,5506071,124DCKDX01,VPK,20,15,19/08/2024
197,5505007,124DCSVTD01,X,150,92,19/08/2024
198,5507214,124DDH01,B303_CS2,60,28,26/08/2024
199,5504272,124DDKT01,A205,45,38,01/10/2024
200,5507084,124DGCQ01,B304_CS2,60,40,26/08/2024
201,5507008,124DGTDMT01,A105,60,18,19/08/2024
202,5506254,124DHKT12201,B104,30,0,09/09/2024
203,5506254,124DHKT12202,B104,30,1,09/09/2024
204,5507013,124DHMT01,B102_CS2,25,12,26/08/2024
205,5504103,124DHTÔ01,B103_CS2,70,64,26/08/2024
206,5505013,124DKGNTB01,B106_CS2,50,36,26/08/2024
207,5505013,124DKGNTB02,B104_CS2,50,40,26/08/2024
208,5505013,124DKGNTB03,B106_CS2,60,60,26/08/2024
209,5505013,124DKGNTB04,B106_CS2,50,50,21/10/2024
210,5504219,124DKHTDTN01,B105_CS2,50,50,26/08/2024
211,5505014,124DKLG02,A205,50,50,19/08/2024
212,5505014,124DKLG04,A208,53,51,19/08/2024
213,5504196,124DKLPCDT01,A103,40,39,19/08/2024
214,5504196,124DKLPCDT02,A106,40,40,19/08/2024
215,5504196,124DKLPCDT03,A208,40,40,19/08/2024
216,5504196,124DKLPCDT04,A207,50,50,19/08/2024
217,5505319,124DKQT01,B204_CS2,85,84,26/08/2024
218,5505015,124DKS01,A105,60,27,19/08/2024
219,5504015,124DKTK01,B103_CS2,60,38,26/08/2024
220,5504015,124DKTK02,B102_CS2,60,26,26/08/2024
221,5504015,124DKTK03,B104_CS2,60,59,26/08/2024
222,5505027,124DLDDT01,B105_CS2,60,42,26/08/2024
223,5505027,124DLDDT02,A108,61,61,19/08/2024
224,5505027,124DLDDT03,B105_CS2,60,42,26/08/2024
225,5505027,124DLDDT04,A210,65,65,19/08/2024
226,5505027,124DLDDT06,C401,62,62,19/08/2024
227,5505027,124DLDDT07,A306,60,58,19/08/2024
228,5504172,124DLN01,A107,60,37,19/08/2024
229,5504172,124DLN02,A104,60,40,19/08/2024
230,5502010,124DMSTKN01,A218,76,73,19/08/2024
231,5502010,124DMSTKN02,A218,65,66,19/08/2024
232,5502010,124DMSTKN03,A307,70,70,19/08/2024
233,5504014,124DPLC01,A103,40,25,19/08/2024
234,5504022,124DSDL01,B105_CS2,50,50,26/08/2024
235,5504022,124DSDL02,B205_CS2,50,49,26/08/2024
236,5504022,124DSDL03,B104_CS2,50,50,26/08/2024
237,5319001,124DSTT01,A301,80,35,09/09/2024
238,5319001,124DSTT02,A303,80,43,09/09/2024
239,5319001,124DSTT03,A305,80,54,09/09/2024
240,5319001,124DSTT04,A305,80,52,09/09/2024
241,5319001,124DSTT05,A303,80,18,09/09/2024
242,5319001,124DSTT06,A301,80,11,09/09/2024
243,5319001,124DSTT07,A214,80,2,09/09/2024
244,5319001,124DSTT08,A214,80,-1,09/09/2024
245,5319001,124DSTT09,A101,80,0,09/09/2024
246,5319001,124DSTT10,A101,80,6,09/09/2024
247,5319001,124DSTT11,A303,80,1,09/09/2024
248,5319001,124DSTT12,A304,80,1,09/09/2024
249,5319001,124DSTT13,A303,80,5,09/09/2024
250,5319001,124DSTT14,A301,80,4,09/09/2024
251,5319001,124DSTT15,A214,80,7,09/09/2024
252,5319001,124DSTT16,A214,80,2,09/09/2024
253,5505010,124DTCB01,A207,60,59,19/08/2024
254,5505010,124DTCB02,A307,60,26,19/08/2024
255,5506076,124DTCBT01,VPK,50,13,19/08/2024
256,5506073,124DTCHD01,X,30,3,19/08/2024
257,5505011,124DTCS01,A210,60,52,19/08/2024
258,5506153,124DTCTXD01,A103,60,15,19/08/2024
259,5505343,124DTDM2001,A211,60,50,19/08/2024
260,5505343,124DTDM2002,A101,68,67,19/08/2024
261,5506079,124DTHDO01,VPK,50,19,19/08/2024
262,5504019,124DTNCK01,VPK,60,1,19/08/2024
263,5505141,124DTNIT01,X,30,9,19/08/2024
264,5505024,124DTNTD01,VPBM,200,0,19/08/2024
265,5505144,124DTNVT01,X,20,7,19/08/2024
266,5505012,124DTTT01,A106,60,32,19/08/2024
267,5505012,124DTTT02,A213,60,42,19/08/2024
268,5506025,124DTXD01,A105,60,38,19/08/2024
269,5506025,124DTXD02,A209,60,39,19/08/2024
270,5514004,124GDHOC01,A307,50,27,19/08/2024
271,5507014,124GDMT01,A104,60,2,09/09/2024
272,5507014,124GDMT02,A309,60,0,09/09/2024
273,5013001,124GDTC101,SVD,50,26,09/09/2024
274,5013001,124GDTC102,SVD,50,0,09/09/2024
275,5013001,124GDTC103,SVD,50,0,09/09/2024
276,5013001,124GDTC104,SVD,50,0,09/09/2024
277,5013001,124GDTC105,SVD,50,2,09/09/2024
278,5013001,124GDTC106,SVD,50,0,09/09/2024
279,5013001,124GDTC107,SVD,50,4,09/09/2024
280,5013001,124GDTC108,SVD,50,0,09/09/2024
281,5013001,124GDTC109,SVD,50,4,09/09/2024
282,5013001,124GDTC110,SVD,50,0,09/09/2024
283,5013001,124GDTC111,SVD,50,0,09/09/2024
284,5013001,124GDTC112,SVD,50,3,09/09/2024
285,5013001,124GDTC113,SVD,50,4,09/09/2024
286,5013001,124GDTC114,SVD,50,2,09/09/2024
287,5013001,124GDTC115,SVD,50,6,09/09/2024
288,5013001,124GDTC116,SVD,50,0,09/09/2024
289,5013001,124GDTC117,SVD,50,4,09/09/2024
290,5013001,124GDTC118,SVD,50,0,09/09/2024
291,5013001,124GDTC119,SVD,50,8,09/09/2024
292,5013001,124GDTC120,SVD,50,0,09/09/2024
293,5013001,124GDTC121,SVD,50,0,09/09/2024
294,5013001,124GDTC122,SVD,50,0,09/09/2024
295,5013001,124GDTC123,SVD,50,0,09/09/2024
296,5013001,124GDTC124,SVD,50,0,09/09/2024
297,5013001,124GDTC125,SVD,50,0,09/09/2024
298,5013001,124GDTC126,SVD,50,0,09/09/2024
299,5013001,124GDTC127,SVD,50,0,09/09/2024
300,5013001,124GDTC128,SVD,50,0,09/09/2024
301,5013001,124GDTC129,SVD,50,0,09/09/2024
302,5013001,124GDTC130,SVD,50,0,09/09/2024
303,5013001,124GDTC131,SVD,50,1,09/09/2024
304,5013001,124GDTC132,SVD,50,0,09/09/2024
305,5013001,124GDTC133,SVD,50,0,09/09/2024
306,5013001,124GDTC134,SVD,50,1,09/09/2024
307,5013002,124GDTC201,SVD,50,49,19/08/2024
308,5013003,124GDTC301,SVD,50,40,19/08/2024
309,5013003,124GDTC302,SVD,50,41,19/08/2024
310,5013003,124GDTC303,SVD,50,44,19/08/2024
311,5013003,124GDTC304,SVD,50,40,19/08/2024
312,5013003,124GDTC305,SVD,50,41,19/08/2024
313,5013003,124GDTC306,SVD,50,41,19/08/2024
314,5013003,124GDTC307,SVD,50,43,19/08/2024
315,5013003,124GDTC308,SVD,50,42,19/08/2024
316,5013003,124GDTC309,SVD,50,42,19/08/2024
317,5013003,124GDTC310,SVD,50,40,19/08/2024
318,5013003,124GDTC311,SVD,50,42,19/08/2024
319,5013003,124GDTC312,SVD,50,42,19/08/2024
320,5013003,124GDTC313,SVD,50,40,19/08/2024
321,5013003,124GDTC314,SVD,50,40,19/08/2024
322,5013003,124GDTC315,SVD,50,41,19/08/2024
323,5013003,124GDTC316,SVD,50,40,19/08/2024
324,5013003,124GDTC317,SVD,50,41,19/08/2024
325,5013003,124GDTC319,SVD,50,35,19/08/2024
326,5013003,124GDTC320,SVD,50,39,19/08/2024
327,5013003,124GDTC321,SVD,50,41,19/08/2024
328,5013003,124GDTC323,SVD,50,40,19/08/2024
329,5013003,124GDTC325,SVD,50,29,19/08/2024
330,5013003,124GDTC326,SVD,50,40,19/08/2024
331,5013003,124GDTC327,SVD,50,45,19/08/2024
332,5013003,124GDTC328,SVD,50,49,19/08/2024
333,5013003,124GDTC329,SVD,50,48,19/08/2024
334,5013003,124GDTC330,SVD,50,41,19/08/2024
335,5013004,124GDTC401,SVD,50,47,19/08/2024
336,5506026,124GSTCXD01,A218,60,25,19/08/2024
337,5319002,124GT101,A303,80,4,09/09/2024
338,5319002,124GT102,A303,80,13,09/09/2024
339,5319002,124GT103,A305,80,8,09/09/2024
340,5319002,124GT104,A301,80,-1,09/09/2024
341,5319002,124GT105,A303,80,10,09/09/2024
342,5319002,124GT106,A301,80,3,09/09/2024
343,5319002,124GT107,A214,80,0,09/09/2024
344,5319002,124GT108,A214,80,0,09/09/2024
345,5319002,124GT109,A101,80,1,09/09/2024
346,5319002,124GT110,A101,80,1,09/09/2024
347,5319002,124GT111,A301,80,3,09/09/2024
348,5319002,124GT112,A304,80,0,09/09/2024
349,5319002,124GT113,A303,80,0,09/09/2024
350,5319002,124GT114,A305,80,10,09/09/2024
351,5319003,124GT201,A101,80,78,19/08/2024
352,5319003,124GT202,A101,80,40,19/08/2024
353,5209004,124HCM01,A101,80,76,19/08/2024
354,5209004,124HCM02,A101,80,78,19/08/2024
355,5209004,124HCM03,A214,80,73,19/08/2024
356,5209004,124HCM04,A214,80,64,19/08/2024
357,5209004,124HCM05,A101,80,67,19/08/2024
358,5209004,124HCM06,A101,80,56,19/08/2024
359,5209004,124HCM07,A214,80,77,19/08/2024
360,5209004,124HCM08,A214,80,54,19/08/2024
361,5507318,124HDCVL2201,A213,60,0,09/09/2024
362,5504023,124HDDTO01,A107,45,45,19/08/2024
363,5504023,124HDDTO02,A306,45,29,19/08/2024
364,5504023,124HDDTO04,A309,45,38,19/08/2024
365,5504023,124HDDTO05,C401,45,35,19/08/2024
366,5504024,124HDHTNO01,B103_CS2,65,53,26/08/2024
367,5504024,124HDHTNO02,B105_CS2,65,66,26/08/2024
368,5506027,124HH01,A306,60,4,09/09/2024
369,5506027,124HH02,A307,60,3,09/09/2024
370,5506027,124HH03,A307,60,3,09/09/2024
371,5506027,124HH04,A302,60,6,09/09/2024
372,5506202,124HH101,A210,40,1,09/09/2024
373,5506202,124HH102,A210,40,2,09/09/2024
374,5507328,124HHCHCCPT01,A217,60,15,19/08/2024
375,5507324,124HHCII2201,A308,60,15,19/08/2024
376,5507104,124HHFD01,A206,60,39,19/08/2024
377,5507203,124HHHCHVC01,A309,60,0,09/09/2024
378,5507203,124HHHCHVC02,A309,60,3,09/09/2024
379,5504026,124HH-VKT01,A306,60,9,09/09/2024
380,5504026,124HH-VKT02,A303,60,7,09/09/2024
381,5504026,124HH-VKT03,A218,60,12,09/09/2024
382,5505333,124HKDNCNTT01,X,200,175,19/08/2024
383,5504254,124HKDNCTM01,X,150,1,19/08/2024
384,5504231,124HKDNDL2001,X,55,15,19/08/2024
385,5505330,124HKDNHTCCD01,X,150,3,19/08/2024
386,5507019,124HKDNMT01,X,30,0,19/08/2024
387,5507228,124HKDNMT2001,X,20,18,19/08/2024
388,5504176,124HKDNNL01,BMNHIET,26,26,19/08/2024
389,5504176,124HKDNNL02,BMNHIET,25,25,19/08/2024
390,5504176,124HKDNNL03,BMNHIET,25,15,19/08/2024
391,5505332,124HKDNTDH01,X,160,3,19/08/2024
392,5507245,124HKDNTP01,X,40,25,19/08/2024
393,5506154,124HKDNXC01,X,30,22,19/08/2024
394,5506191,124HKDNXD2001,X,100,60,19/08/2024
395,5506174,124HKDNXH01,X,20,6,19/08/2024
396,5507326,124HLVL2201,A309,60,15,19/08/2024
397,5507327,124HPTVL2201,C303,60,15,19/08/2024
398,5504199,124HTCDT2001,A103,45,44,19/08/2024
399,5504199,124HTCDT2002,A207,45,33,19/08/2024
400,5504029,124HTDTK01,A207,45,44,19/08/2024
401,5504029,124HTDTK02,A106,45,45,19/08/2024
402,5504029,124HTDTK03,A106,53,53,19/08/2024
403,5504025,124HTTMO01,B102_CS2,45,19,26/08/2024
404,5504025,124HTTMO03,B104_CS2,45,45,26/08/2024
405,5505254,124HTTTVT01,A106,60,53,19/08/2024
406,5505265,124HTVT01,A212,60,47,19/08/2024
407,5505129,124IOT01,B206_CS2,33,29,26/08/2024
408,5505129,124IOT02,B105_CS2,30,25,26/08/2024
409,5506029,124KCBTCT01,A206,60,59,19/08/2024
410,5506029,124KCBTCT02,A211,60,56,19/08/2024
411,5506029,124KCBTCT04,B304_CS2,60,42,26/08/2024
412,5506198,124KCCTBTCT01,B204_CS2,60,9,26/08/2024
413,5506198,124KCCTBTCT02,A211,60,60,19/08/2024
414,5506031,124KCCTT01,A206,60,33,19/08/2024
415,5504226,124KCDCDT01,A208,55,50,19/08/2024
416,5504226,124KCDCDT02,A213,55,20,19/08/2024
417,5504226,124KCDCDT03,A206,55,55,19/08/2024
418,5504226,124KCDCDT04,A105,45,44,19/08/2024
419,5506032,124KCNNT01,B104,60,12,19/08/2024
420,5506033,124KCT01,A206,60,17,19/08/2024
421,5504234,124KDKTOTO01,A212,55,55,19/08/2024
422,5505161,124KDLPDL01,A107,60,39,19/08/2024
423,5505161,124KDLPDL02,A101,80,73,19/08/2024
424,5502003,124KNGT01,A303,60,14,09/09/2024
425,5502003,124KNGT02,A303,1,1,04/11/2024
426,5502003,124KNGT03,A301,60,21,09/09/2024
427,5502003,124KNGT04,A302,60,46,09/09/2024
428,5502003,124KNGT05,A302,60,37,09/09/2024
429,5502003,124KNGT06,A302,60,4,04/11/2024
430,5502003,124KNGT07,A302,60,0,04/11/2024
431,5502003,124KNGT08,A301,60,46,09/09/2024
432,5502003,124KNGT09,A301,60,2,04/11/2024
433,5502003,124KNGT10,A301,60,18,09/09/2024
434,5502003,124KNGT11,A301,60,0,09/09/2024
435,5502003,124KNGT12,A301,60,3,04/11/2024
436,5502003,124KNGT13,A301,60,2,04/11/2024
437,5502003,124KNGT14,A210,60,10,09/09/2024
438,5502003,124KNGT15,A301,60,0,04/11/2024
439,5502003,124KNGT16,A306,60,22,09/09/2024
440,5502003,124KNGT17,A306,60,32,09/09/2024
441,5502003,124KNGT18,A306,60,1,04/11/2024
442,5502003,124KNGT19,A102,60,0,09/09/2024
443,5502003,124KNGT20,A102,60,0,04/11/2024
444,5502003,124KNGT21,A304,60,0,09/09/2024
445,5502003,124KNGT22,A304,60,0,09/09/2024
446,5502009,124KNLDQL01,A108,70,74,19/08/2024
447,5502009,124KNLDQL02,A210,77,78,19/08/2024
448,5502009,124KNLDQL03,C401,70,72,19/08/2024
449,5502009,124KNLDQL04,A108,73,73,19/08/2024
450,5502009,124KNLDQL05,A108,70,68,19/08/2024
451,5502004,124KNLVN01,A303,60,40,04/11/2024
452,5502004,124KNLVN02,A303,60,28,09/09/2024
453,5502004,124KNLVN03,A305,60,59,09/09/2024
454,5502004,124KNLVN04,A305,60,57,09/09/2024
455,5504121,124KTAT01,A208,60,31,19/08/2024
456,5504121,124KTAT02,A309,60,38,19/08/2024
457,5504030,124KTATCK01,A102,55,48,19/08/2024
458,5504030,124KTATCK02,A210,55,54,19/08/2024
459,5506218,124KTCC01,B305_CS2,60,49,26/08/2024
460,5504244,124KTCK01,A102,45,43,19/08/2024
461,5504244,124KTCK02,A211,45,35,19/08/2024
462,5504244,124KTCK03,A103,45,45,01/10/2024
463,5504244,124KTCK04,A103,45,44,01/10/2024
464,5506220,124KTCN01,B205_CS2,50,13,26/08/2024
465,5506091,124KTCQ01,A217,60,23,19/08/2024
466,5209006,124KTCT01,A108,80,62,19/08/2024
467,5209006,124KTCT02,A108,80,76,19/08/2024
468,5209006,124KTCT03,A214,81,80,19/08/2024
469,5209006,124KTCT04,A214,80,76,19/08/2024
470,5209006,124KTCT05,A107,80,55,19/08/2024
471,5209006,124KTCT06,A107,80,58,19/08/2024
472,5209006,124KTCT07,A210,80,63,19/08/2024
473,5209006,124KTCT08,A210,80,33,19/08/2024
474,5209006,124KTCT09,A101,80,36,19/08/2024
475,5504122,124KTCTM01,A102,45,45,19/08/2024
476,5504122,124KTCTM02,A210,45,44,19/08/2024
477,5504122,124KTCTM03,A102,45,45,19/08/2024
478,5505039,124KTDDT01,A207,60,56,19/08/2024
479,5505039,124KTDDT02,A106,60,60,19/08/2024
480,5505039,124KTDDT03,A213,60,58,19/08/2024
481,5504123,124KTDKHD01,A103,45,45,19/08/2024
482,5505040,124KTDKNC01,A102,60,27,19/08/2024
483,5505040,124KTDKNC02,A208,65,41,19/08/2024
484,5505041,124KTDKTD01,B204_CS2,80,80,26/08/2024
485,5504191,124KTDKTDCDT01,B106_CS2,50,40,26/08/2024
486,5504191,124KTDKTDCDT02,B106_CS2,50,50,26/08/2024
487,5504191,124KTDKTDCDT03,B203_CS2,51,51,26/08/2024
488,5507339,124KTGCCSVL01,A217,60,4,19/08/2024
489,5506150,124KTKDC01,B303_CS2,60,23,26/08/2024
490,5504124,124KTLI01,A208,60,59,19/08/2024
491,5504124,124KTLI02,A309,60,26,19/08/2024
492,5505042,124KTLTC02,A308,60,19,09/09/2024
493,5505335,124KTLTC2001,B206_CS2,50,24,26/08/2024
494,5505335,124KTLTC2002,B205_CS2,50,42,26/08/2024
495,5505335,124KTLTC2003,A212,50,50,19/08/2024
496,5505335,124KTLTC2004,A102,51,50,19/08/2024
497,5505335,124KTLTC2005,A205,50,49,19/08/2024
498,5505335,124KTLTC2006,A205,51,51,19/08/2024
499,5505335,124KTLTC2007,A207,50,51,19/08/2024
500,5504031,124KTN01,A206,60,45,09/09/2024
501,5504031,124KTN02,A208,60,37,09/09/2024
502,5504031,124KTN03,A212,60,46,09/09/2024
503,5506206,124KTNM01,A104,60,3,09/09/2024
504,5504264,124KTOTO01,A207,60,22,19/08/2024
505,5504264,124KTOTO02,A308,60,58,19/08/2024
506,5507355,124KTPTNATHC01,PTNHH,20,0,09/09/2024
507,5507355,124KTPTNATHC02,PTNHH,20,0,09/09/2024
508,5505044,124KTR01,A106,70,59,19/08/2024
509,5506034,124KTRXD01,A206,60,16,19/08/2024
510,5506034,124KTRXD02,A206,60,60,19/08/2024
511,5507338,124KTSXCDVL01,A105,60,4,19/08/2024
512,5505046,124KTVDK01,A309,55,47,19/08/2024
513,5505046,124KTVDK03,A206,50,43,19/08/2024
514,5505046,124KTVDK04,A307,56,56,19/08/2024
515,5505046,124KTVDK05,C402,50,52,19/08/2024
516,5505046,124KTVDK06,A212,50,47,19/08/2024
517,5505164,124KTVDKA02,30,7,DH,G
518,5504263,124KTVDKTDCK02,A213,60,22,19/08/2024
519,5506090,124KTVTND01,PTNCĐ,30,29,19/08/2024
520,5505047,124KTVXL01,B105_CS2,60,40,26/08/2024
521,5505047,124KTVXL02,A108,60,60,19/08/2024
522,5504197,124KTVXLVDKCDT01,B104_CS2,40,40,26/08/2024
523,5506035,124KTXD01,A105,60,56,19/08/2024
524,5506035,124KTXD02,A209,60,41,19/08/2024
525,5505048,124KTXS03,B203_CS2,60,59,26/08/2024
526,5505048,124KTXS04,B203_CS2,60,58,26/08/2024
527,5505048,124KTXS05,B203_CS2,60,51,26/08/2024
528,5505048,124KTXS06,B302_CS2,60,28,26/08/2024
529,5504193,124KTXSCDT01,A207,45,45,19/08/2024
530,5504128,124LH01,B102_CS2,60,14,26/08/2024
531,5504128,124LH02,B204_CS2,60,60,26/08/2024
532,5505176,124LKDT01,A218,60,57,19/08/2024
533,5505176,124LKDT02,A218,60,59,19/08/2024
534,5505176,124LKDT03,A218,60,58,19/08/2024
535,5514005,124LLDHOC01,C401,60,32,19/08/2024
536,5209008,124LSDCSVN01,A101,80,78,19/08/2024
537,5209008,124LSDCSVN02,A101,80,79,19/08/2024
538,5209008,124LSDCSVN03,A214,85,85,19/08/2024
539,5209008,124LSDCSVN04,A214,85,84,19/08/2024
540,5209008,124LSDCSVN05,A101,80,75,19/08/2024
541,5209008,124LSDCSVN06,A101,81,80,19/08/2024
542,5209008,124LSDCSVN07,A214,80,80,19/08/2024
543,5209008,124LSDCSVN08,A214,80,77,19/08/2024
544,5506221,124LSKT01,B205_CS2,50,14,26/08/2024
545,5505166,124LTCBVC01,A306,60,2,09/09/2024
546,5505166,124LTCBVC02,A304,60,1,09/09/2024
547,5505166,124LTCBVC03,A304,60,5,09/09/2024
548,5505346,124LTHDT01,B305_CS2,65,60,26/08/2024
549,5505346,124LTHDT02,B305_CS2,60,44,26/08/2024
550,5505346,124LTHDT03,B305_CS2,62,62,26/08/2024
551,5505291,124LTLOPLC01,B104_CS2,60,55,26/08/2024
552,5505051,124LTM201,A205,60,58,19/08/2024
553,5505051,124LTM203,A213,60,59,19/08/2024
554,5505051,124LTM204,A206,60,58,19/08/2024
555,5505051,124LTM205,A209,60,57,19/08/2024
556,5505179,124LTMDT201,A105,60,60,19/08/2024
557,5505179,124LTMDT202,A307,62,61,19/08/2024
558,5505179,124LTMDT203,A218,60,60,19/08/2024
559,5504033,124LTOT01,A206,45,1,09/09/2024
560,5504033,124LTOT02,A206,45,0,09/09/2024
561,5504033,124LTOT03,A102,45,0,09/09/2024
562,5504033,124LTOT04,A302,45,1,09/09/2024
563,5504033,124LTOT05,A106,45,0,09/09/2024
564,5505049,124LTP01,B105_CS2,60,46,26/08/2024
565,5505172,124LTTD01,A210,70,56,19/08/2024
566,5505172,124LTTD03,A213,60,48,19/08/2024
567,5505172,124LTTD04,A108,80,64,19/08/2024
568,5505174,124LTUD01,B103_CS2,60,60,19/08/2024
569,5505175,124LTWNC01,B203_CS2,66,66,26/08/2024
570,5505175,124LTWNC02,B206_CS2,60,41,26/08/2024
571,5505175,124LTWNC03,B304_CS2,60,60,26/08/2024
572,5506038,124LXD02,A106,60,52,19/08/2024
573,5505257,124MCBKD01,C303,40,40,19/08/2024
574,5505257,124MCBKD02,C303,40,21,19/08/2024
575,5504034,124MCKL01,A212,50,30,19/08/2024
576,5504034,124MCKL02,C401,50,49,19/08/2024
577,5505055,124MD101,A308,50,35,19/08/2024
578,5505055,124MD102,A101,65,65,19/08/2024
579,5505055,124MD103,A101,72,72,19/08/2024
580,5505055,124MD104,A214,60,55,19/08/2024
581,5505052,124MDKV01,B204_CS2,60,44,26/08/2024
582,5505057,124MHHMT01,B203_CS2,75,71,26/08/2024
583,5507235,124MTN01,B204_CS2,60,15,26/08/2024
584,5507024,124MTVKH01,B205_CS2,60,15,26/08/2024
585,5505054,124MVS01,PMT,30,32,21/10/2024
586,5505054,124MVS02,PMT,30,31,19/08/2024
587,5506039,124MXD01,A217,60,41,19/08/2024
588,5506039,124MXD02,A308,60,42,19/08/2024
589,5504233,124NLDNSDTDCDT01,A103,55,36,19/08/2024
590,5504037,124NLM01,A217,60,31,19/08/2024
591,5504037,124NLM02,A217,60,31,19/08/2024
592,5504037,124NLM03,A103,60,33,19/08/2024
593,5504037,124NLM04,A214,65,65,19/08/2024
594,5504037,124NLM05,A214,68,68,19/08/2024
595,5504037,124NLM06,A307,66,65,19/08/2024
596,5504130,124NLTT01,B305_CS2,70,62,26/08/2024
597,5504164,124NMCDT201,A211,60,1,09/09/2024
598,5504164,124NMCDT202,A304,60,1,09/09/2024
599,5504164,124NMCDT203,A304,60,0,09/09/2024
600,5505187,124NMDT01,A218,60,1,04/11/2024
601,5505187,124NMDT02,A208,60,1,09/09/2024
602,5505059,124NMH01,A102,60,42,19/08/2024
603,5504166,124NMHNL01,A102,50,0,09/09/2024
604,5504166,124NMHNL02,A309,50,0,09/09/2024
605,5507122,124NMKTTP01,A103,60,2,09/09/2024
606,5507122,124NMKTTP02,A211,60,0,09/09/2024
607,5504165,124NMNCK01,A211,30,0,09/09/2024
608,5504165,124NMNCK02,A213,30,1,09/09/2024
609,5504165,124NMNCK03,A103,30,0,09/09/2024
610,5504165,124NMNCK04,A302,30,1,09/09/2024
611,5504165,124NMNCK05,A302,30,0,09/09/2024
612,5504165,124NMNCK06,A207,30,0,09/09/2024
613,5507356,124NMNCKTHH01,A213,60,0,09/09/2024
614,5505347,124NMNCNTT01,A304,60,0,09/09/2024
615,5505347,124NMNCNTT02,A306,60,1,09/09/2024
616,5505347,124NMNCNTT03,A205,60,1,09/09/2024
617,5505061,124NMNDT01,A208,60,0,04/11/2024
618,5505061,124NMNDT02,A218,60,2,09/09/2024
619,5505061,124NMNDT03,A205,60,0,09/09/2024
620,5505061,124NMNDT04,A205,60,0,09/09/2024
621,5504038,124NMNOT01,A107,50,0,09/09/2024
622,5504038,124NMNOT02,A107,50,0,09/09/2024
623,5504038,124NMNOT03,A303,50,1,09/09/2024
624,5504038,124NMNOT04,A102,50,0,09/09/2024
625,5505334,124NMNTDH2001,A102,60,0,09/09/2024
626,5505334,124NMNTDH2002,A208,60,0,09/09/2024
627,5505334,124NMNTDH2003,A211,60,0,09/09/2024
628,5507123,124NMNVL01,A105,60,0,09/09/2024
629,5506042,124NMNX02,A211,60,0,09/09/2024
630,5506042,124NMNX03,A206,60,0,09/09/2024
631,5506042,124NMNX04,A209,60,0,09/09/2024
632,5506042,124NMNX05,A218,60,0,09/09/2024
633,5505362,124NMTKVMBD01,A303,60,0,09/09/2024
634,5413002,124NN101,A207,45,44,19/08/2024
635,5413002,124NN102,A207,45,43,19/08/2024
636,5413003,124NN201,A209,45,42,19/08/2024
637,5413003,124NN202,A208,45,41,19/08/2024
638,5413003,124NN203,A209,45,44,19/08/2024
639,5413003,124NN204,A102,45,44,19/08/2024
640,5413003,124NN205,A209,45,44,19/08/2024
641,5413003,124NN206,A209,45,45,19/08/2024
642,5413003,124NN207,A212,47,47,19/08/2024
643,5413003,124NN208,A103,45,45,19/08/2024
644,5413003,124NN209,A209,45,44,19/08/2024
645,5413003,124NN210,A107,45,45,19/08/2024
646,5413004,124NN303,A105,40,21,19/08/2024
647,5413004,124NN304,A105,40,28,19/08/2024
648,5413004,124NN308,A207,40,24,19/08/2024
649,5413004,124NN312,A209,40,25,19/08/2024
650,5413004,124NN313,A104,40,34,19/08/2024
651,5413004,124NN316,A208,40,31,19/08/2024
652,5413004,124NN317,A207,40,40,19/08/2024
653,5413004,124NN319,A207,40,40,19/08/2024
654,5413004,124NN320,A102,42,41,19/08/2024
655,5413004,124NN321,A210,40,24,19/08/2024
656,5413004,124NN322,A105,40,29,19/08/2024
657,5413004,124NN325,A206,40,28,19/08/2024
658,5413004,124NN328,A308,40,40,19/08/2024
659,5413004,124NN329,A208,40,34,19/08/2024
660,5413004,124NN330,A105,44,41,19/08/2024
661,5413004,124NN331,A211,40,40,19/08/2024
662,5413004,124NN332,A306,41,40,19/08/2024
663,5413004,124NN334,A213,40,32,19/08/2024
664,5413004,124NN335,A105,40,24,19/08/2024
665,5413004,124NN336,A105,40,16,19/08/2024
666,5413004,124NN337,A104,40,30,19/08/2024
667,5413004,124NN338,A104,40,27,19/08/2024
668,5413005,124NN401,A103,40,12,19/08/2024
669,5413001,124NNCB01,A207,40,10,19/08/2024
670,5505184,124NNCND01,A217,30,31,19/08/2024
671,5505184,124NNCND02,A217,30,26,19/08/2024
672,5505184,124NNCND03,A205,30,31,19/08/2024
673,5506041,124NNCNX01,A104,40,28,19/08/2024
674,5505301,124ODHTD01,B105_CS2,50,39,26/08/2024
675,5505301,124ODHTD02,B106_CS2,50,49,26/08/2024
676,5211005,124PLDC01,A305,80,17,09/09/2024
677,5211005,124PLDC02,A305,80,6,09/09/2024
678,5211005,124PLDC03,A303,80,20,09/09/2024
679,5211005,124PLDC04,A303,80,10,09/09/2024
680,5211005,124PLDC05,A305,80,18,09/09/2024
681,5211005,124PLDC06,A305,80,3,09/09/2024
682,5211005,124PLDC07,A301,80,26,09/09/2024
683,5211005,124PLDC08,A301,80,12,09/09/2024
684,5211005,124PLDC09,A301,80,5,09/09/2024
685,5211005,124PLDC10,A301,80,11,09/09/2024
686,5211005,124PLDC11,A301,80,6,09/09/2024
687,5211005,124PLDC12,A301,80,2,09/09/2024
688,5211005,124PLDC13,A301,80,5,09/09/2024
689,5211005,124PLDC14,A301,80,2,09/09/2024
690,5514010,124PPGDMKT01,C401,50,19,19/08/2024
691,5506043,124PPPTHH01,A217,60,34,19/08/2024
692,5504286,124PPTCK01,A307,60,50,19/08/2024
693,5505298,124PTMDPT01,A211,60,50,19/08/2024
694,5507125,124PTSPTP01,A104,60,17,19/08/2024
695,5506222,124QHDT101,A217,60,13,19/08/2024
696,5506098,124QHGTDT01,A217,60,14,19/08/2024
697,5507239,124QHMTDT01,A104,25,13,19/08/2024
698,5504269,124QLDANCK01,A211,65,63,19/08/2024
699,5504249,124QLDAOTO01,B103_CS2,80,44,26/08/2024
700,5504249,124QLDAOTO02,B103_CS2,80,34,26/08/2024
701,5504223,124QLDUCN01,A209,50,47,19/08/2024
702,5505192,124QTM01,A107,60,61,19/08/2024
703,5505192,124QTM02,A106,60,57,19/08/2024
704,5505192,124QTM04,A212,60,48,19/08/2024
705,5507029,124QTPTMT01,B102_CS2,60,9,26/08/2024
706,5507130,124QTVTBTC01,B304_CS2,70,67,26/08/2024
707,5507131,124QTVTBTN02,B303_CS2,60,10,26/08/2024
708,5504039,124RCN01,A105,45,45,19/08/2024
709,5504040,124SBVL01,C401,64,61,19/08/2024
710,5504040,124SBVL02,A213,61,61,19/08/2024
711,5504040,124SBVL03,A212,60,54,19/08/2024
712,5504040,124SBVL04,A304,60,59,19/08/2024
713,5504040,124SBVL05,C401,60,58,19/08/2024
714,5506169,124SKCT01,A217,60,16,19/08/2024
715,5507030,124SXSH01,A213,60,26,19/08/2024
716,5413008,124TAA2101,A308,40,0,09/09/2024
717,5413008,124TAA2102,A213,40,0,09/09/2024
718,5413008,124TAA2103,A209,40,0,09/09/2024
719,5413008,124TAA2104,A102,40,0,09/09/2024
720,5413008,124TAA2105,A103,40,0,09/09/2024
721,5413008,124TAA2106,A217,40,0,09/09/2024
722,5413008,124TAA2107,A212,40,0,09/09/2024
723,5413008,124TAA2108,A103,40,0,09/09/2024
724,5413008,124TAA2109,A209,40,0,09/09/2024
725,5413008,124TAA2110,A107,40,0,09/09/2024
726,5413008,124TAA2111,A205,40,0,09/09/2024
727,5413008,124TAA2112,A207,40,0,09/09/2024
728,5413008,124TAA2113,A102,40,0,09/09/2024
729,5413008,124TAA2114,A212,40,0,09/09/2024
730,5413008,124TAA2115,A207,40,0,09/09/2024
731,5413008,124TAA2116,A102,40,0,09/09/2024
732,5413008,124TAA2117,A205,40,0,09/09/2024
733,5413008,124TAA2118,A306,40,0,09/09/2024
734,5413008,124TAA2119,A104,40,0,09/09/2024
735,5413008,124TAA2120,A309,40,0,09/09/2024
736,5413007,124TACB01,A206,40,0,09/09/2024
737,5413007,124TACB02,A208,40,0,09/09/2024
738,5413007,124TACB03,A217,40,0,09/09/2024
739,5413007,124TACB04,A308,40,0,09/09/2024
740,5413007,124TACB05,A208,40,0,09/09/2024
741,5413007,124TACB06,A105,40,0,09/09/2024
742,5413007,124TACB07,A210,40,0,09/09/2024
743,5413007,124TACB08,A105,40,0,09/09/2024
744,5413007,124TACB09,A308,40,0,09/09/2024
745,5413007,124TACB10,A308,40,0,09/09/2024
746,5413007,124TACB11,A103,40,0,09/09/2024
747,5413007,124TACB12,A217,40,0,09/09/2024
748,5413007,124TACB13,A107,40,0,09/09/2024
749,5413007,124TACB14,A309,40,0,09/09/2024
750,5413007,124TACB15,A211,40,0,09/09/2024
751,5413007,124TACB16,A210,40,0,09/09/2024
752,5413007,124TACB17,A308,40,0,09/09/2024
753,5413007,124TACB18,A307,40,0,09/09/2024
754,5413007,124TACB19,A209,40,0,09/09/2024
755,5413007,124TACB20,A208,40,0,09/09/2024
756,5504136,124TACNN01,A207,40,39,19/08/2024
757,5504136,124TACNN02,A213,40,34,19/08/2024
758,5505109,124TBDCN01,A213,60,47,19/08/2024
759,5505109,124TBDCN02,A213,60,24,19/08/2024
760,5505109,124TBDCN03,A209,60,60,19/08/2024
761,5504255,124TBDTMCK01,A104,40,34,19/08/2024
762,5504255,124TBDTMCK02,A205,40,32,19/08/2024
763,5504045,124TBNC01,A209,45,45,19/08/2024
764,5504045,124TBNC02,A209,45,44,19/08/2024
765,5504045,124TBNC03,A103,45,44,19/08/2024
766,5504135,124TBTDN01,A206,60,57,19/08/2024
767,5504135,124TBTDN02,A208,60,31,19/08/2024
768,5507138,124TBTP01,A217,60,39,19/08/2024
769,5505198,124TC>02,PMT,35,31,19/08/2024
770,5505198,124TC>03,PMT,35,26,19/08/2024
771,5505198,124TC>04,PMT,35,35,19/08/2024
772,5505198,124TC>05,PMT,35,32,19/08/2024
773,5505198,124TC>06,PMT,35,35,19/08/2024
774,5506101,124TCC01,B206_CS2,60,23,26/08/2024
775,5507151,124TCCCND02,HÓA,25,23,19/08/2024
776,5506147,124TCD01,B203_CS2,60,22,26/08/2024
777,5507149,124TCDBK01,HÓA,21,21,19/08/2024
778,5506187,124TCDBTCTTK01,C402,60,24,19/08/2024
779,5504057,124TCDTOT01,X-OTO,20,20,19/08/2024
780,5504057,124TCDTOT03,X-OTO,24,23,19/08/2024
781,5504057,124TCDTOT05,X-OTO,20,19,19/08/2024
782,5506054,124TCHD01,PTNXD,25,15,19/08/2024
783,5506054,124TCHD02,PTNXD,25,25,19/08/2024
784,5506054,124TCHD03,PTNXD,25,25,19/08/2024
785,5506054,124TCHD04,PTNXD,25,22,19/08/2024
786,5506054,124TCHD05,PTNXD,25,26,19/08/2024
787,5506054,124TCHD07,PTNXD,25,14,19/08/2024
788,5506054,124TCHD08,PTNXD,25,25,19/08/2024
789,5506102,124TCIF01,C403,60,10,19/08/2024
790,5506189,124TCLGXHT01,B203_CS2,65,68,26/08/2024
791,5505108,124TCN01,A105,60,46,19/08/2024
792,5505108,124TCN02,A218,60,44,19/08/2024
793,5505108,124TCN03,A306,64,64,19/08/2024
794,5505108,124TCN04,A306,63,63,19/08/2024
795,5505197,124TCNX01,PMT,35,27,09/09/2024
796,5505197,124TCNX02,PMT,45,46,09/09/2024
797,5505197,124TCNX03,PMT,35,27,09/09/2024
798,5505197,124TCNX04,PMT,35,37,09/09/2024
799,5507150,124TCRQ01,HÓA,20,9,19/08/2024
800,5505195,124TCSDL201,PMT,35,31,19/08/2024
801,5505195,124TCSDL202,PMT,35,34,19/08/2024
802,5505195,124TCSDL203,PMT,35,28,19/08/2024
803,5505195,124TCSDL204,PMT,35,29,19/08/2024
804,5505195,124TCSDL205,PMT,35,18,19/08/2024
805,5505195,124TCSDL206,PMT,35,24,19/08/2024
806,5506057,124TCTC01,B206_CS2,60,37,26/08/2024
807,5506057,124TCTC02,B206_CS2,60,26,26/08/2024
808,5506129,124TCVQLTC01,A217,60,29,19/08/2024
809,5504192,124TDCKCDT01,A106,60,46,19/08/2024
810,5504192,124TDCKCDT02,A106,60,29,19/08/2024
811,5504192,124TDCKCDT03,A105,60,60,19/08/2024
812,5505111,124TDD01,B205_CS2,60,60,26/08/2024
813,5505111,124TDD02,B204_CS2,60,49,26/08/2024
814,5505111,124TDD03,B303_CS2,60,51,26/08/2024
815,5507168,124TDGCQ01,HÓA,22,22,19/08/2024
816,5507168,124TDGCQ02,HOA,20,15,19/08/2024
817,5505069,124TDGNTNV01,PTNHTN,20,18,19/08/2024
818,5505069,124TDGNTNV03,PTNHTN,25,25,19/08/2024
819,5505069,124TDGNTNV04,PTNHTN,20,20,19/08/2024
820,5505069,124TDGNTNV05,PTNHTN,20,20,19/08/2024
821,5504148,124TDHKK01,XNHIET,22,22,19/08/2024
822,5504148,124TDHKK03,XNHIET,20,21,19/08/2024
823,5504148,124TDHKK04,XNHIET,23,22,19/08/2024
824,5504080,124TDHSX01,A106,60,28,19/08/2024
825,5504080,124TDHSX02,A210,60,60,19/08/2024
826,5504080,124TDHSX03,A106,60,48,19/08/2024
827,5505110,124TDT01,B103_CS2,60,60,26/08/2024
828,5505099,124TDTCS01,PTNDTCS,20,21,19/08/2024
829,5505099,124TDTCS02,PTNDTCS,20,20,14/10/2024
830,5505099,124TDTCS03,PTNDTCS,20,20,19/08/2024
831,5505099,124TDTCS04,PTNDTCS,20,22,14/10/2024
832,5505099,124TDTCS05,PTNDTCS,20,12,19/08/2024
833,5505099,124TDTCS06,PTNDTCS,20,13,19/08/2024
834,5505099,124TDTCS07,PTNDTCS,20,20,19/08/2024
835,5505099,124TDTCS08,PTNDTCS,20,20,14/10/2024
836,5505099,124TDTCS09,PTNDTCS,20,20,19/08/2024
837,5505099,124TDTCS10,PTNDTCS,20,13,14/10/2024
838,5505115,124TDTK01,A212,60,60,19/08/2024
839,5505115,124TDTK02,A212,60,38,19/08/2024
840,5505115,124TDTK03,A205,60,60,19/08/2024
841,5505115,124TDTK04,A205,60,26,14/10/2024
842,5504178,124TGCN01,A104,60,60,19/08/2024
843,5505218,124TGMT01,80,1,DH,G
844,5505326,124TGMT2001,B205_CS2,80,53,26/08/2024
845,5505326,124TGMT2002,B104_CS2,80,73,26/08/2024
846,5505326,124TGMT2003,B104_CS2,80,80,26/08/2024
847,5505350,124THBTAN01,PTNTDH,30,27,19/08/2024
848,5505251,124THCB02,PMT,30,5,09/09/2024
849,5505251,124THCB03,PMT,30,12,09/09/2024
850,5505251,124THCB04,PMT,30,13,09/09/2024
851,5505251,124THCB05,PMT,30,2,09/09/2024
852,5505251,124THCB06,PMT,30,1,09/09/2024
853,5505251,124THCB07,PMT,30,0,09/09/2024
854,5505251,124THCB08,PMT,30,0,09/09/2024
855,5505251,124THCB09,PMT,30,0,09/09/2024
856,5505251,124THCB10,PMT,30,0,09/09/2024
857,5505251,124THCB11,PMT,30,0,09/09/2024
858,5505251,124THCB12,PMT,30,3,09/09/2024
859,5505251,124THCB13,PMT,30,0,09/09/2024
860,5505251,124THCB14,PMT,30,0,09/09/2024
861,5505251,124THCB15,PMT,30,0,09/09/2024
862,5505251,124THCB16,PMT,30,0,09/09/2024
863,5505251,124THCB17,PMT,30,1,09/09/2024
864,5505251,124THCB18,PMT,30,0,09/09/2024
865,5505251,124THCB19,PMT,30,1,09/09/2024
866,5505251,124THCB20,PMT,30,0,09/09/2024
867,5505251,124THCB21,PMT,30,11,09/09/2024
868,5505251,124THCB22,PMT,30,4,09/09/2024
869,5505251,124THCB23,PMT,30,4,09/09/2024
870,5505251,124THCB24,PMT,30,0,09/09/2024
871,5505251,124THCB25,PMT,30,2,09/09/2024
872,5505251,124THCB26,PMT,30,1,09/09/2024
873,5505251,124THCB27,PMT,30,3,09/09/2024
874,5505251,124THCB28,PMT,30,0,09/09/2024
875,5505251,124THCB29,PMT,30,1,09/09/2024
876,5505251,124THCB30,PMT,30,0,09/09/2024
877,5504297,124THCCCDT2201,PMT,30,23,19/08/2024
878,5504297,124THCCCDT2203,PMT,30,21,19/08/2024
879,5504297,124THCCCDT2204,PMT,35,34,19/08/2024
880,5504257,124THCMCCC01,PMT,25,13,19/08/2024
881,5504173,124THCMDLCN01,XNHIET,20,20,19/08/2024
882,5504173,124THCMDLCN02,XNHIET,20,20,19/08/2024
883,5504173,124THCMDLCN03,XNHIET,20,20,19/08/2024
884,5504173,124THCMDLCN04,XNHIET,20,19,19/08/2024
885,5504261,124THCMDRD01,XCOKHI,25,24,19/08/2024
886,5504261,124THCMDRD02,XCOKHI,25,12,19/08/2024
887,5504241,124THCMGH01,XGO-HAN,25,29,19/08/2024
888,5504241,124THCMGH02,XGO-HAN,25,25,19/08/2024
889,5504241,124THCMGH03,XGO-HAN,25,24,19/08/2024
890,5504241,124THCMGH04,XGO-HAN,25,25,19/08/2024
891,5504258,124THCMHAN01,XCOKHI,25,15,19/08/2024
892,5504258,124THCMHAN02,XCOKHI,25,25,19/08/2024
893,5504258,124THCMHAN04,XCOKHI,25,29,19/08/2024
894,5504259,124THCMNTLM01,XCOKHI,29,29,19/08/2024
895,5504260,124THCMPB02,XCOKHI,25,17,19/08/2024
896,5504298,124THCNCCDT2201,PMT,30,29,19/08/2024
897,5504298,124THCNCCDT2203,PMT,30,28,19/08/2024
898,5504298,124THCNCCDT2204,PMT,35,29,19/08/2024
899,5505261,124THCSUDIOTS01,PTNHTN,31,20,19/08/2024
900,5504294,124THCTMCDT2203,XCTM,25,16,19/08/2024
901,5504062,124THDCO01,X-OTO,20,21,19/08/2024
902,5504062,124THDCO02,X-OTO,20,23,19/08/2024
903,5504062,124THDCO03,X-OTO,20,20,19/08/2024
904,5504062,124THDCO04,X-OTO,20,25,19/08/2024
905,5504062,124THDCO05,X-OTO,20,20,19/08/2024
906,5504062,124THDCO06,X-OTO,20,21,19/08/2024
907,5506214,124THDHKT201,B104,30,12,19/08/2024
908,5505100,124THDLCB01,PTNDLCB,20,21,19/08/2024
909,5505100,124THDLCB02,PTNDLCB,20,22,19/08/2024
910,5505100,124THDLCB03,PTNDLCB,20,26,19/08/2024
911,5505100,124THDLCB04,PTNDLCB,22,22,19/08/2024
912,5505100,124THDLCB05,PTNDLCB,22,22,14/10/2024
913,5505100,124THDLCB06,PTNDLCB,20,21,14/10/2024
914,5505100,124THDLCB07,PTNDLCB,20,20,19/08/2024
915,5505100,124THDLCB08,PTNDLCB,20,20,19/08/2024
916,5505100,124THDLCB09,PTNDLCB,20,20,19/08/2024
917,5505100,124THDLCB10,PTNDLCB,20,19,14/10/2024
918,5505100,124THDLCB11,PTNDLCB,20,20,14/10/2024
919,5505066,124THDT02,XDIENTU,20,26,19/08/2024
920,5505066,124THDT03,XDIENTU,20,20,19/08/2024
921,5505066,124THDT04,XDIENTU,20,20,19/08/2024
922,5505066,124THDT05,XDIENTU,20,20,19/08/2024
923,5505066,124THDT06,XDIENTU,20,20,19/08/2024
924,5505066,124THDT07,XDIENTU,20,20,19/08/2024
925,5505066,124THDT08,XDIENTU,20,25,19/08/2024
926,5505066,124THDT09,XDIENTU,20,19,19/08/2024
927,5505066,124THDT10,XDIENTU,20,20,19/08/2024
928,5505066,124THDT11,XDIENTU,20,21,19/08/2024
929,5505066,124THDT12,XDIENTU,20,20,19/08/2024
930,5505066,124THDT13,XDIENTU,20,20,19/08/2024
931,5505066,124THDT15,XDIENTU,21,21,19/08/2024
932,5505066,124THDT16,XDIENTU,20,20,19/08/2024
933,5505066,124THDT17,XDIENTU,20,20,19/08/2024
934,5504292,124THDTCDT2201,XCDT,27,27,19/08/2024
935,5504292,124THDTCDT2202,XCDT,25,25,19/08/2024
936,5504292,124THDTCDT2203,XCDT,25,21,19/08/2024
937,5504292,124THDTCDT2204,XCDT,25,23,19/08/2024
938,5505292,124THDTTTSO02,PTNDT,21,21,19/08/2024
939,5505292,124THDTTTSO03,PTNDT,20,21,19/08/2024
940,5504276,124THHCTT01,XGH,25,25,19/08/2024
941,5504307,124THKTD2201,XCHETAOMAY,25,25,19/08/2024
942,5504307,124THKTD2202,XCHETAOMAY,25,25,14/10/2024
943,5504307,124THKTD2203,XCHETAOMAY,25,24,19/08/2024
944,5504307,124THKTD2204,XCHETAOMAY,25,24,19/08/2024
945,5504307,124THKTD2205,XCHETAOMAY,25,25,14/10/2024
946,5504307,124THKTD2206,XCHETAOMAY,25,26,14/10/2024
947,5505341,124THKTLTC01,PMT,30,28,04/09/2024
948,5505341,124THKTLTC02,PMT,30,30,04/09/2024
949,5505341,124THKTLTC03,PMT,30,26,04/09/2024
950,5505341,124THKTLTC04,PMT,30,30,04/09/2024
951,5505317,124THKTROBOT01,XCNC,20,20,19/08/2024
952,5505295,124THLDTD01,XDIEN,20,21,09/09/2024
953,5505295,124THLDTD02,XDIEN,20,19,09/09/2024
954,5505295,124THLDTD03,XDIEN,20,20,09/09/2024
955,5505295,124THLDTD04,XDIEN,20,19,09/09/2024
956,5505348,124THLTHDT01,PMT,30,22,19/08/2024
957,5505348,124THLTHDT02,PMT,30,19,19/08/2024
958,5505348,124THLTHDT03,PMT,30,29,19/08/2024
959,5505348,124THLTHDT04,PMT,30,18,19/08/2024
960,5505348,124THLTHDT05,PMT,30,30,19/08/2024
961,5505348,124THLTHDT06,PMT,40,40,19/08/2024
962,5209005,124THML01,A212,80,11,09/09/2024
963,5209005,124THML02,A108,80,20,09/09/2024
964,5209005,124THML03,A108,80,2,09/09/2024
965,5209005,124THML04,A108,80,7,09/09/2024
966,5209005,124THML05,A108,80,32,09/09/2024
967,5209005,124THML06,A218,80,7,09/09/2024
968,5209005,124THML07,A211,80,6,09/09/2024
969,5209005,124THML08,A210,80,17,09/09/2024
970,5209005,124THML09,A101,80,9,09/09/2024
971,5209005,124THML10,A108,80,24,09/09/2024
972,5209005,124THML11,A306,80,3,09/09/2024
973,5209005,124THML12,A305,80,1,09/09/2024
974,5505339,124THMTTCNHS01,PTNTDH,25,24,19/08/2024
975,5505339,124THMTTCNHS02,PTNTDH,20,18,19/08/2024
976,5505339,124THMTTCNHS03,PTNTDH,20,18,19/08/2024
977,5505339,124THMTTCNHS04,PTNTDH,20,19,19/08/2024
978,5505339,124THMTTCNHS05,PTNTDH,20,21,19/08/2024
979,5505339,124THMTTCNHS06,PTNTDH,20,16,19/08/2024
980,5505339,124THMTTCNHS07,PTNTDH,20,18,19/08/2024
981,5505339,124THMTTCNHS08,PTNTDH,20,16,19/08/2024
982,5505078,124THNMTDH01,XDIEN2,25,0,14/10/2024
983,5505078,124THNMTDH02,XDIEN2,25,0,14/10/2024
984,5505078,124THNMTDH03,XDIEN2,25,0,14/10/2024
985,5505078,124THNMTDH04,XDIEN2,25,0,14/10/2024
986,5505078,124THNMTDH05,XDIEN2,25,0,14/10/2024
987,5505078,124THNMTDH07,XDIEN2,25,0,09/09/2024
988,5505078,124THNMTDH08,XDIEN2,25,0,14/10/2024
989,5505078,124THNMTDH09,XDIEN2,25,0,09/09/2024
990,5504293,124THPLCSXTD2202,XCDT,20,7,19/08/2024
991,5504296,124THRBCNCDT2201,XCNC,25,25,19/08/2024
992,5504296,124THRBCNCDT2202,XCNC,25,25,19/08/2024
993,5504296,124THRBCNCDT2203,XCNC,25,24,19/08/2024
994,5504296,124THRBCNCDT2205,XCNC,25,12,19/08/2024
995,5505076,124THSCADA01,10,1,DH,G
996,5507177,124THST01,PTNHOA,20,1,19/08/2024
997,5504061,124THTDKDC01,X-OTO,25,22,19/08/2024
998,5504061,124THTDKDC02,X-OTO,25,23,19/08/2024
999,5504061,124THTDKDC03,X-OTO,25,24,19/08/2024
1000,5504061,124THTDKDC04,X-OTO,27,27,19/08/2024
1001,5504061,124THTDKDC05,X-OTO,25,25,19/08/2024
1002,5504061,124THTDKDC06,X-OTO,25,25,19/08/2024
1003,5505336,124THTKSDDCN01,PMT,30,31,19/08/2024
1004,5505336,124THTKSDDCN02,PMT,30,30,19/08/2024
1005,5505336,124THTKSDDCN03,PMT,30,29,19/08/2024
1006,5505336,124THTKSDDCN04,PMT,30,26,19/08/2024
1007,5505336,124THTKSDDCN05,PMT,30,29,19/08/2024
1008,5504063,124THTLO01,X-OTO,20,18,19/08/2024
1009,5504063,124THTLO02,X-OTO,20,20,19/08/2024
1010,5504063,124THTLO03,X-OTO,20,20,19/08/2024
1011,5504063,124THTLO04,X-OTO,20,24,19/08/2024
1012,5504063,124THTLO05,X-OTO,20,20,19/08/2024
1013,5504063,124THTLO06,X-OTO,20,24,19/08/2024
1014,5504063,124THTLO07,X-OTO,20,20,19/08/2024
1015,5504063,124THTLO08,X-OTO,20,20,19/08/2024
1016,5504063,124THTLO09,X-OTO,20,20,19/08/2024
1017,5504063,124THTLO10,X-OTO,20,20,19/08/2024
1018,5504245,124THTP01,XCHETAOMAY,25,6,19/08/2024
1019,5504245,124THTP02,XCHETAOMAY,25,25,19/08/2024
1020,5506122,124THUDC01,B201,30,14,19/08/2024
1021,5506123,124THUDD01,B201,30,16,19/08/2024
1022,5505081,124THUDHTD01,PMT,30,19,19/08/2024
1023,5504279,124THUDTCK01,C401,30,30,19/08/2024
1024,5504279,124THUDTCK02,C401,32,31,19/08/2024
1025,5504279,124THUDTCK03,C401,30,30,19/08/2024
1026,5504279,124THUDTCK04,A308,30,30,19/08/2024
1027,5504279,124THUDTCK05,A205,30,21,19/08/2024
1028,5507145,124THUDTK02,C303,30,26,19/08/2024
1029,5506124,124THUDTX01,B201,30,13,19/08/2024
1030,5504295,124THVDKCDT2202,X,20,17,19/08/2024
1031,5504295,124THVDKCDT2204,X,20,20,19/08/2024
1032,5504295,124THVDKCDT2205,X,20,10,19/08/2024
1033,5506053,124THXD02,B201,30,24,19/08/2024
1034,5506053,124THXD03,B201,30,18,19/08/2024
1035,5506053,124THXD04,B201,30,30,19/08/2024
1036,5506251,124TKBTCT2201,A308,60,14,19/08/2024
1037,5506055,124TKCCT01,PKĐ,25,20,19/08/2024
1038,5506055,124TKCCT02,PKĐ,25,15,19/08/2024
1039,5506055,124TKCCT03,PKĐ,25,27,19/08/2024
1040,5506055,124TKCCT04,PKĐ,25,26,19/08/2024
1041,5504256,124TKCK3D01,PMT,25,29,19/08/2024
1042,5504256,124TKCK3D02,PMT,25,25,19/08/2024
1043,5504256,124TKCK3D03,PMT,25,25,19/08/2024
1044,5504256,124TKCK3D04,PMT,25,12,19/08/2024
1045,5505101,124TKDCA01,PTNMMD,20,20,19/08/2024
1046,5505101,124TKDCA02,PTNMMD,20,16,19/08/2024
1047,5505101,124TKDCA03,PTNMMD,20,21,19/08/2024
1048,5505101,124TKDCA04,PTNMMD,20,20,14/10/2024
1049,5505219,124TKGDND01,A106,60,57,19/08/2024
1050,5505219,124TKGDND02,A104,60,60,19/08/2024
1051,5505219,124TKGDND04,A105,60,18,19/08/2024
1052,5506144,124TKHHDOTO01,A209,60,15,19/08/2024
1053,5504046,124TKKM01,A206,50,50,19/08/2024
1054,5504046,124TKKM02,A206,50,50,19/08/2024
1055,5504046,124TKKM03,A102,50,54,19/08/2024
1056,5504046,124TKKM04,A309,50,44,19/08/2024
1057,5505088,124TKMBMT01,25,4,DH,G
1058,5505256,124TKMDT01,PTNHTN,30,25,19/08/2024
1059,5505256,124TKMDT02,PTNHTN,30,29,19/08/2024
1060,5505256,124TKMDT04,B204_CS2,30,22,26/08/2024
1061,5504082,124TKMPDC01,A308,20,17,19/08/2024
1062,5504171,124TKMTK01,A102,60,45,19/08/2024
1063,5504171,124TKMTK02,A210,60,36,19/08/2024
1064,5504139,124TKTN01,XNHIET,20,20,19/08/2024
1065,5504139,124TKTN02,XNHIET,20,20,14/10/2024
1066,5504139,124TKTN03,XNHIET,22,22,19/08/2024
1067,5504139,124TKTN04,XNHIET,20,20,14/10/2024
1068,5505287,124TKWEBCB02,PMT,30,30,09/09/2024
1069,5505287,124TKWEBCB03,PMT,30,15,09/09/2024
1070,5504152,124TL201,XNHIET,20,20,19/08/2024
1071,5504152,124TL202,XNHIET,20,20,19/08/2024
1072,5504152,124TL203,XNHIET,20,18,19/08/2024
1073,5504152,124TL204,XNHIET,20,20,19/08/2024
1074,5514009,124TLDNGE01,C303,20,2,19/08/2024
1075,5505201,124TLTCBVC01,PMT,30,1,09/09/2024
1076,5505201,124TLTCBVC02,PMT,30,0,09/09/2024
1077,5505201,124TLTCBVC03,PMT,30,0,09/09/2024
1078,5505201,124TLTCBVC04,PMT,30,0,09/09/2024
1079,5505201,124TLTCBVC05,PMT,30,0,09/09/2024
1080,5505201,124TLTCBVC06,PMT,30,0,09/09/2024
1081,5505074,124TLTN01,PTNHTN,20,18,19/08/2024
1082,5505074,124TLTN02,PTNHTN,20,20,19/08/2024
1083,5505074,124TLTN04,PTNHTN,21,20,19/08/2024
1084,5505075,124TLTP01,PTNTDH,20,19,19/08/2024
1085,5505075,124TLTP02,PTNTDH,20,8,14/10/2024
1086,5505206,124TLTTD01,PMT,42,41,09/09/2024
1087,5505206,124TLTTD02,PMT,35,29,09/09/2024
1088,5505206,124TLTTD03,PMT,35,13,09/09/2024
1089,5505206,124TLTTD04,PMT,35,21,09/09/2024
1090,5505206,124TLTTD05,PMT,35,37,09/09/2024
1091,5505206,124TLTTD07,PMT,35,20,09/09/2024
1092,5505208,124TLTWNC01,PMT,35,27,09/09/2024
1093,5505208,124TLTWNC02,PMT,40,39,09/09/2024
1094,5505208,124TLTWNC03,PMT,35,35,09/09/2024
1095,5505208,124TLTWNC04,PMT,35,30,09/09/2024
1096,5505208,124TLTWNC07,PMT,35,26,09/09/2024
1097,5505104,124TMDKV01,PTNHTĐ,20,20,14/10/2024
1098,5505104,124TMDKV02,PTNHTĐ,20,20,14/10/2024
1099,5505104,124TMDKV03,PTNHTĐ,20,20,19/08/2024
1100,5505104,124TMDKV04,PTNHTĐ,20,20,19/08/2024
1101,5505104,124TMDKV05,PTNHTĐ,20,13,19/08/2024
1102,5505103,124TMDT01,PTNDT,20,21,19/08/2024
1103,5505103,124TMDT02,PTNDT,20,20,14/10/2024
1104,5505103,124TMDT03,PTNDT,20,20,19/08/2024
1105,5505103,124TMDT04,PTNDT,20,20,14/10/2024
1106,5505103,124TMDT05,PTNDT,22,22,19/08/2024
1107,5505103,124TMDT06,PTNDT,22,19,14/10/2024
1108,5505103,124TMDT07,PTNDT,20,18,19/08/2024
1109,5505103,124TMDT08,PTNDT,20,18,14/10/2024
1110,5504153,124TN01,XNHIET,20,20,19/08/2024
1111,5504153,124TN02,XNHIET,20,23,19/08/2024
1112,5504153,124TN03,XNHIET,20,20,19/08/2024
1113,5504153,124TN04,XNHIET,20,20,19/08/2024
1114,5507337,124TNAMVBVKL01,PTNHOA,25,4,19/08/2024
1115,5505236,124TNCCD01,PTNMMD,20,15,19/08/2024
1116,5505236,124TNCCD02,PTNMMD,20,20,19/08/2024
1117,5505236,124TNCCD03,PTNMMD,20,13,19/08/2024
1118,5507232,124TNCNXLCTR01,PTNMT,20,7,19/08/2024
1119,5507323,124TNHHCI2201,PTNHOA,20,15,19/08/2024
1120,5507175,124TNHHP01,PTNHH,20,20,14/10/2024
1121,5507175,124TNHHP02,PTNHH,20,13,14/10/2024
1122,5507175,124TNHHP03,PTNHH,20,11,19/08/2024
1123,5507175,124TNHHP04,PTNHH,20,20,19/08/2024
1124,5506106,124TNHTCTD01,X,20,15,19/08/2024
1125,5507322,124TNHVCVL2201,PTNHOA,20,15,19/08/2024
1126,5504044,124TNKTD01,PTNDL,20,20,19/08/2024
1127,5505102,124TNMD01,PTNMMD,20,17,14/10/2024
1128,5505102,124TNMD03,PTNMMD,20,12,14/10/2024
1129,5505102,124TNMD04,PTNMMD,20,20,19/08/2024
1130,5505102,124TNMD05,PTNMMD,20,19,14/10/2024
1131,5505102,124TNMD06,PTNMMD,20,20,19/08/2024
1132,5505102,124TNMD07,PTNMMD,20,21,19/08/2024
1133,5505102,124TNMD08,PTNMMD,20,19,19/08/2024
1134,5505102,124TNMD09,PTNMMD,20,20,19/08/2024
1135,5505102,124TNMD10,PTNMMD,21,21,14/10/2024
1136,5505102,124TNMD11,PTNMMD,22,22,19/08/2024
1137,5505102,124TNMD12,PTNMMD,22,14,14/10/2024
1138,5505102,124TNMD13,PTNMMD,20,19,19/08/2024
1139,5505102,124TNMD14,PTNMMD,22,22,19/08/2024
1140,5505077,124TNMDDT01,XDIEN2,20,1,09/09/2024
1141,5505077,124TNMDDT02,XDIEN2,20,0,04/11/2024
1142,5505077,124TNMDDT03,XDIEN2,20,1,09/09/2024
1143,5505077,124TNMDDT04,XDIEN2,20,3,09/09/2024
1144,5505077,124TNMDDT05,XDIEN2,20,0,09/09/2024
1145,5505077,124TNMDDT06,XDIEN2,20,0,04/11/2024
1146,5505077,124TNMDDT07,XDIEN2,20,4,09/09/2024
1147,5505077,124TNMDDT08,XDIEN2,20,0,04/11/2024
1148,5505211,124TNMDTVT01,XDIEN2,30,1,09/09/2024
1149,5505211,124TNMDTVT02,XDIEN2,30,0,04/11/2024
1150,5505211,124TNMDTVT03,XDIEN2,30,1,09/09/2024
1151,5505211,124TNMDTVT04,XDIEN2,30,0,04/11/2024
1152,5507035,124TNQTPM01,20,0,DH,G
1153,5507231,124TNQTPTMTKK01,PTNMT,20,18,19/08/2024
1154,5507230,124TNQTPTMTN01,PTNMT,20,16,19/08/2024
1155,5507283,124TNQTTBTL01,PTNQT,20,5,19/08/2024
1156,5507207,124TNQTTBTN01,PTNHOA,20,11,19/08/2024
1157,5507207,124TNQTTBTN02,PTNHOA,20,20,19/08/2024
1158,5507207,124TNQTTBTN03,PTNHOA,22,16,14/10/2024
1159,5507336,124TNQTVATBTC01,PTNHOA,20,0,14/10/2024
1160,5507325,124TNQTVATBTL01,PTNHOA,20,5,14/10/2024
1161,5504204,124TNTDTKCDT01,XCDT,20,20,19/08/2024
1162,5504204,124TNTDTKCDT02,XCDT,20,20,19/08/2024
1163,5504204,124TNTDTKCDT03,XCDT,20,20,19/08/2024
1164,5504204,124TNTDTKCDT04,XCDT,20,20,19/08/2024
1165,5504303,124TNVLKT2201,XCOKHI,22,18,19/08/2024
1166,5504303,124TNVLKT2203,XCOKHI,20,20,19/08/2024
1167,5504303,124TNVLKT2206,XCOKHI,20,20,19/08/2024
1168,5507205,124TNVS01,PTNHOA,21,19,19/08/2024
1169,5507205,124TNVS03,PTNHOA,23,23,19/08/2024
1170,5504154,124TP01,20,11,DH,G
1171,5504154,124TP02,20,15,DH,G
1172,5507139,124TPCN01,A211,60,25,19/08/2024
1173,5506045,124TQTCTX01,A104,60,35,19/08/2024
1174,5506045,124TQTCTX02,A307,60,28,19/08/2024
1175,5505212,124TQTM01,PMT,30,33,19/08/2024
1176,5505212,124TQTM02,PMT,30,45,19/08/2024
1177,5505212,124TQTM03,PMT,30,30,19/08/2024
1178,5505212,124TQTM04,PMT,30,30,19/08/2024
1179,5505212,124TQTM05,PMT,30,29,19/08/2024
1180,5505106,124TR01,PTNHTĐ,20,21,19/08/2024
1181,5505106,124TR02,PTNHTĐ,20,20,19/08/2024
1182,5505106,124TR03,PTNHTĐ,20,20,14/10/2024
1183,5505106,124TR04,PTNHTĐ,20,20,14/10/2024
1184,5505225,124TRR01,B103_CS2,65,64,26/08/2024
1185,5505225,124TRR02,B206_CS2,60,43,26/08/2024
1186,5505225,124TRR03,B106_CS2,60,46,26/08/2024
1187,5504079,124TTCB01,XCTM,20,20,19/08/2024
1188,5504079,124TTCB02,XCTM,20,19,19/08/2024
1189,5504079,124TTCB03,XCTM,20,19,19/08/2024
1190,5504079,124TTCB04,XCTM,20,17,19/08/2024
1191,5504079,124TTCB05,XCTM,20,15,19/08/2024
1192,5504209,124TTCMCCCDT01,30,26,DH,G
1193,5504210,124TTCMCCDT01,PMT,35,31,19/08/2024
1194,5505328,124TTCMCNM01,X,200,176,19/08/2024
1195,5504206,124TTCMCTMCDT01,XCTM,25,25,19/08/2024
1196,5504208,124TTCMRBCNCDT01,XCNC,25,17,19/08/2024
1197,5505349,124TTCMTKCSDL01,X,250,159,19/08/2024
1198,5504207,124TTCMVDKCDT01,XCNC,25,25,19/08/2024
1199,5504207,124TTCMVDKCDT02,XCNC,25,25,19/08/2024
1200,5504053,124TTDCDT01,A213,55,54,19/08/2024
1201,5504053,124TTDCDT02,A209,55,46,19/08/2024
1202,5505107,124TTDD01,XDIEN,20,20,19/08/2024
1203,5505107,124TTDD02,XDIEN,22,23,19/08/2024
1204,5505107,124TTDD03,XDIEN,23,14,19/08/2024
1205,5505107,124TTDD04,XDIEN,20,23,19/08/2024
1206,5505107,124TTDD05,XDIEN,20,18,19/08/2024
1207,5505107,124TTDD06,XDIEN,20,21,19/08/2024
1208,5505107,124TTDD07,XDIEN,20,20,19/08/2024
1209,5506175,124TTKSTKD2001,X,20,11,19/08/2024
1210,5507233,124TTKT02,X,20,8,19/08/2024
1211,5507260,124TTKT2003,X,20,4,19/08/2024
1212,5504052,124TTKTMT01,A102,47,47,19/08/2024
1213,5505092,124TTMD01,XDIEN,20,19,19/08/2024
1214,5505092,124TTMD02,XDIEN,20,20,19/08/2024
1215,5505092,124TTMD04,XDIEN,20,18,19/08/2024
1216,5505092,124TTMD05,XDIEN,20,20,19/08/2024
1217,5505092,124TTMD06,XDIEN,25,25,19/08/2024
1218,5505092,124TTMD07,XDIEN,20,20,19/08/2024
1219,5505092,124TTMD08,XDIEN,22,19,19/08/2024
1220,5505092,124TTMD09,XDIEN,20,20,19/08/2024
1221,5505092,124TTMD10,XDIEN,20,19,19/08/2024
1222,5505092,124TTMD12,XDIEN,20,20,19/08/2024
1223,5505092,124TTMD13,XDIEN,20,15,19/08/2024
1224,5504048,124TTNCK01,X,50,2,19/08/2024
1225,5504159,124TTNL01,XOTO,25,25,19/08/2024
1226,5504159,124TTNL02,XOTO,25,25,19/08/2024
1227,5504159,124TTNL03,XOTO,25,30,19/08/2024
1228,5504159,124TTNL04,XOTO,25,25,19/08/2024
1229,5504159,124TTNL05,XOTO,25,18,19/08/2024
1230,5505226,124TTNT01,A103,60,53,19/08/2024
1231,5507206,124TTNT2002,X,50,46,19/08/2024
1232,5504215,124TTNTUD01,B106_CS2,40,26,26/08/2024
1233,5504215,124TTNTUD02,B106_CS2,40,25,26/08/2024
1234,5505264,124TTSO01,A207,60,51,19/08/2024
1235,5504306,124TTTNCK2201,X,60,0,19/08/2024
1236,5505327,124TTTNCNTT01,X,200,37,19/08/2024
1237,5505308,124TTTNHTD01,X,70,1,19/08/2024
1238,5505259,124TTTNKTDT01,VPBM,70,0,19/08/2024
1239,5505313,124TTTNTDH01,X,150,3,19/08/2024
1240,5506058,124TUD01,B201,33,33,19/08/2024
1241,5506058,124TUD02,B201,30,29,19/08/2024
1242,5504189,124TUDCB01,A106,60,60,19/08/2024
1243,5504189,124TUDCB02,A213,50,47,19/08/2024
1244,5504189,124TUDCB03,A213,50,49,19/08/2024
1245,5504252,124TUDCK03,A106,65,66,01/10/2024
1246,5504252,124TUDCK04,A306,65,65,01/10/2024
1247,5504247,124TUDCKOTO01,B106_CS2,65,64,26/08/2024
1248,5504247,124TUDCKOTO02,B103_CS2,65,65,26/08/2024
1249,5504304,124TUHTCK2201,A211,40,31,19/08/2024
1250,5504304,124TUHTCK2202,A307,40,39,19/08/2024
1251,5506121,124TV01,A307,60,17,19/08/2024
1252,5505085,124TVDK01,PTNTDH,30,30,19/08/2024
1253,5506056,124TVLXD01,PTNXD,25,0,09/09/2024
1254,5506056,124TVLXD02,PTNXD,25,0,09/09/2024
1255,5506056,124TVLXD03,PTNXD,25,0,09/09/2024
1256,5506056,124TVLXD04,PTNXD,25,0,09/09/2024
1257,5506056,124TVLXD05,PTNXD,25,0,09/09/2024
1258,5506056,124TVLXD06,PTNXD,25,0,09/09/2024
1259,5506056,124TVLXD07,PTNXD,25,1,09/09/2024
1260,5506056,124TVLXD08,PTNXD,25,1,09/09/2024
1261,5506056,124TVLXD09,PTNXD,25,0,09/09/2024
1262,5506056,124TVLXD10,PTNXD,25,1,09/09/2024
1263,5507042,124TVSMT02,PTNMT,20,16,19/08/2024
1264,5505086,124TXS&ứD01,PTNDIENTU,20,20,19/08/2024
1265,5505086,124TXS&ứD02,PTNDIENTU,20,20,19/08/2024
1266,5505086,124TXS&ứD03,PTNDIENTU,20,17,19/08/2024
1267,5505086,124TXS&ứD04,PTNDIENTU,20,21,19/08/2024
1268,5505086,124TXS&ứD06,PTNDIENTU,20,11,19/08/2024
1269,5505086,124TXS&ứD07,PTNDIENTU,20,18,19/08/2024
1270,5505086,124TXS&ứD08,PTNDIENTU,20,20,19/08/2024
1271,5504221,124UDIOT01,A211,40,39,19/08/2024
1272,5504221,124UDIOT02,A206,40,40,19/08/2024
1273,5504240,124UDVDKOTO01,A210,45,29,19/08/2024
1274,5504240,124UDVDKOTO02,A210,45,17,19/08/2024
1275,5504168,124VCKTMT01,PMT,30,29,19/08/2024
1276,5504168,124VCKTMT02,PMT,30,30,19/08/2024
1277,5506233,124VGH01,A104,60,50,19/08/2024
1278,5504085,124VKT01,A303,60,6,09/09/2024
1279,5504085,124VKT02,A302,60,16,09/09/2024
1280,5504085,124VKT03,A303,60,19,09/09/2024
1281,5504085,124VKT04,A303,60,13,09/09/2024
1282,5504085,124VKT05,A218,60,4,09/09/2024
1283,5504085,124VKT06,A218,60,10,09/09/2024
1284,5504085,124VKT07,A302,60,7,09/09/2024
1285,5504085,124VKT08,A302,60,5,09/09/2024
1286,5504085,124VKT09,A302,60,4,09/09/2024
1287,5504085,124VKT10,A302,60,3,09/09/2024
1288,5504085,124VKT11,A106,60,12,09/09/2024
1289,5504085,124VKT12,A106,60,6,09/09/2024
1290,5504085,124VKT13,A302,60,9,09/09/2024
1291,5504085,124VKT14,A302,60,17,09/09/2024
1292,5504085,124VKT15,A304,60,10,09/09/2024
1293,5504085,124VKT16,A304,60,14,09/09/2024
1294,5505235,124VKTD01,PMT,20,25,19/08/2024
1295,5505235,124VKTD02,PMT,20,19,19/08/2024
1296,5305001,124VLCD01,A305,80,15,09/09/2024
1297,5305001,124VLCD02,A305,80,15,09/09/2024
1298,5305001,124VLCD03,A218,80,24,09/09/2024
1299,5305001,124VLCD04,A218,80,6,09/09/2024
1300,5305002,124VLCN01,A301,80,2,09/09/2024
1301,5305002,124VLCN02,A301,80,5,09/09/2024
1302,5305002,124VLCN03,A305,80,7,09/09/2024
1303,5305002,124VLCN04,A305,80,3,09/09/2024
1304,5305002,124VLCN05,A305,80,1,09/09/2024
1305,5305002,124VLCN06,A305,80,5,09/09/2024
1306,5504175,124VLCNNL01,A213,60,33,19/08/2024
1307,5504175,124VLCNNL02,A207,60,46,19/08/2024
1308,5305003,124VLCQ01,A303,80,1,09/09/2024
1309,5305003,124VLCQ02,A303,80,2,09/09/2024
1310,5305004,124VLDT01,A302,80,2,09/09/2024
1311,5305004,124VLDT02,A302,80,0,09/09/2024
1312,5305004,124VLDT03,A304,80,12,09/09/2024
1313,5305004,124VLDT04,A304,80,2,09/09/2024
1314,5305004,124VLDT05,A305,80,3,09/09/2024
1315,5305004,124VLDT06,A304,80,3,09/09/2024
1316,5305004,124VLDT07,A305,80,3,09/09/2024
1317,5305004,124VLDT08,A305,80,1,09/09/2024
1318,5504084,124VLKT01,A104,45,44,19/08/2024
1319,5504084,124VLKT02,A104,47,46,19/08/2024
1320,5504084,124VLKT03,A218,47,46,19/08/2024
1321,5506211,124VLKT101,A106,60,48,19/08/2024
1322,5506195,124VLKT2001,A104,60,18,19/08/2024
1323,5504275,124VLMTKT01,A309,60,60,19/08/2024
1324,5504275,124VLMTKT02,A309,50,30,19/08/2024
1325,5505361,124VLNTVMBD01,A306,60,0,09/09/2024
1326,5507197,124VLUD01,A107,60,60,19/08/2024
1327,5506060,124VLXD01,A103,60,0,09/09/2024
1328,5506060,124VLXD02,A105,60,2,09/09/2024
1329,5506060,124VLXD03,A206,60,0,09/09/2024
1330,5506060,124VLXD04,A211,60,1,09/09/2024
1331,5506060,124VLXD05,A304,60,2,09/09/2024
1332,5506204,124VMT101,B104,30,0,09/09/2024
1333,5506204,124VMT102,B104,30,0,09/09/2024
1334,5507204,124VS01,B205_CS2,60,42,26/08/2024
1335,5506062,124VXDMT01,B201,30,30,19/08/2024
1336,5506062,124VXDMT02,B201,30,31,19/08/2024
1337,5507286,124XLCTON2201,A104,60,9,19/08/2024
1338,5505116,124XLTHS01,B105_CS2,60,56,26/08/2024
1339,5505116,124XLTHS02,A205,60,60,19/08/2024
1340,5319005,124XSTK01,A214,81,79,19/08/2024
1341,5319005,124XSTK02,A214,83,82,19/08/2024
1342,5319005,124XSTK03,A214,83,82,19/08/2024
1343,5319005,124XSTK04,A214,83,83,19/08/2024
1344,5319005,124XSTK05,A218,78,77,19/08/2024
1345,5319005,124XSTK06,A101,83,81,19/08/2024
1346,5319005,124XSTK08,A308,80,12,19/08/2024
